ID,Current,Saving,Limit,Goal
2,107600.00,2049.00,1100,100
8,0.000000,0.000000,0.000000,0
